brand,product_name,shade_name,finish,color_family,source,lipstick_id,image_path,image_source_url,image_source_page,image_source_name,final_cluster,L_star,a_star,b_star,chroma,pixel_pct
Surratt,Lipslique,Rubis,glossy,red,Beauty Unhyped red lipstick comparison,L0001,lipstick_images/swatches/L0001.jpg,https://frendsbeauty.com/cdn/shop/files/Surratt-Lipslique-Rubis-Blue-Red_700x700.jpg?v=1716937109,https://frendsbeauty.com/products/surratt-lipslique?srsltid=AfmBOooH5tMc3d4XUNvAubZOPYewSO1dC2TSoMT8ueCmzmlNTxPE65EV,Frends Beauty,2,43.62509815797931,63.23708077824537,35.23473389356852,72.39070974859216,13.478775510204082
NARS,Velvet Matte Lipstick,Dragon Girl,soft matte,red,Beauty Unhyped red lipstick comparison,L0002,lipstick_images/swatches/L0002.jpg,https://i.ebayimg.com/images/g/Ta8AAOSwf4RjKjSB/s-l1200.jpg,https://www.ebay.com/itm/115534198127,eBay,2,53.083518131914126,68.32436248180738,27.969680236935403,73.82764740327178,24.987774754554685
Bite Beauty,,Hot Tomato,soft matte,red,Beauty Unhyped red lipstick comparison,L0003,lipstick_images/swatches/L0003.jpg,https://www.temptalia.com/wp-content/uploads/2021/07/bite-beauty_hot-tomato_004_swatch.jpg,https://www.temptalia.com/product/bite-beauty-power-move-hydrating-soft-matte-lipstick/hot-tomato/,Temptalia,1,51.49088879908999,68.15302435543126,25.119836738333905,72.63498417809805,9.428842105263158
Chanel,Rouge Allure Ink Matte Liquid Lip,Luxuriant,soft matte,red,Beauty Unhyped red lipstick comparison,L0004,lipstick_images/swatches/L0004.jpg,https://www.temptalia.com/wp-content/uploads/2016/09/chanel_150luxuriant003.jpg,https://www.temptalia.com/product/chanel-rouge-allure-ink-matte-liquid-lip-colour/luxuriant-150/,Temptalia,1,43.21140757331178,64.63514925711951,34.91601920426143,73.46312623733398,13.904842105263157
Smashbox,Legendary Prime Plush Lipstick,Be Seen,cream,red,Beauty Unhyped red lipstick comparison,L0005,lipstick_images/swatches/L0005.jpg,https://media.ulta.com/i/ulta/2606441_alt02?w=800&h=800&fmt=auto,https://www.ulta.com/p/be-seen-be-legendary-prime-plush-lipstick-pimprod2038070?sku=2606441,Ulta Beauty,3,35.20942886146434,54.90764032698138,30.47573841961946,62.798245186455816,14.31234375
Fenty Beauty,Icon Lipstick,Kissin’ Kutie,cream semi-matte,red,Beauty Unhyped red lipstick comparison,L0006,lipstick_images/swatches/L0006.jpg,https://www.temptalia.com/wp-content/uploads/2023/02/fenty-beauty_kissin-kutie_003_swatch.jpg,https://www.temptalia.com/product/fenty-beauty-icon-lipstick/kissin-kutie/,Temptalia,1,50.57101543529321,70.10913546474973,37.70901008719261,79.60691124123974,14.762315789473684
Fenty Beauty,Icon Lipstick,Freak-went Flyer,semi-matte,red,Beauty Unhyped red lipstick comparison,L0007,lipstick_images/swatches/L0007.jpg,https://www.temptalia.com/wp-content/uploads/2023/02/fenty-beauty_freakwent-flyr_003_swatch-350x350.jpg,https://www.temptalia.com/makeup-dupe-list/fenty-beauty-icon-lipstick/freak-went-flyr/,Temptalia,2,48.424026984466295,68.26873118960626,31.041462062411284,74.99461330796258,20.600816326530612
Peripera,Ink The Velvet Lip Tint,32 Fuchsia Red,soft matte,red,Beauty Unhyped red lipstick comparison,L0008,lipstick_images/swatches/L0008.jpg,https://www.storeonwafi.com/cdn/shop/files/FC235F67-074D-4029-8AD9-A4FDD6C1643E.jpg?v=1720085052&width=1024,https://www.storeonwafi.com/products/peripera-ink-the-velvet-lip-tint-high-pigment-color-longwear-weightless-not-animal-tested-gluten-free-paraben-free-032-fuchsia-red?srsltid=AfmBOorcXPYBkhMjDIcn8N34zQmqFs_IAawRFsRnPelYX8BZ9J4_dDkZ,Storeonwafi,0,35.46418174474115,54.190297278481125,27.442836753874275,60.74288113211252,48.07442980810463
Shiseido,Modern Matte Lipstick,516 Exotic Red,matte,red,Beauty Unhyped red lipstick comparison,L0009,lipstick_images/swatches/L0009.jpg,https://lyko.com/globalassets/product-images/shiseido-modernmatte-powder-lipstick-516-exotic-red-1624-408-0016_1.jpg?ref=59D61CD18A&w=960&h=960&mode=max&quality=75&format=jpg,https://lyko.com/en/shiseido/shiseido-modernmatte-powder-lipstick16,Lyko,2,42.02814447599382,52.726103099902275,31.042720835852975,61.185721087474526,9.846513605442176
Gucci,Transfer-Proof Matte Liquid Lipstick,Nellie Cherry,matte,red,Beauty Unhyped red lipstick comparison,L0010,lipstick_images/swatches/L0010.jpg,https://media.johnlewiscontent.com/i/JohnLewis/241152459alt1?fmt=auto&$background-off-white$&$rsp-pdp-port-640$,https://www.johnlewis.com/gucci-rouge-a-levres-liquide-matte-lipstick/521-nellie-cherry/p6262686,John Lewis,1,33.0077018927515,25.123904708026657,19.27469985542595,31.665827674241537,14.54938452520516
Peripera,Ink The Velvet Lip Tint,34 Smoky Red,matte,red,Beauty Unhyped red lipstick comparison,L0011,lipstick_images/swatches/L0011.jpg,https://moidaus.com/cdn/shop/files/34.jpg?v=1750906943&width=1946,https://moidaus.com/products/peripera-ink-the-velvet?srsltid=AfmBOop0cwezGrbp3YOO8ha2piPkIpoyLkbSN4FitseZEdGdgYl0wTTA,MOIDA,0,33.207691640960896,40.74131104267164,15.969790291833249,43.75944043793121,19.0284
YSL,Rouge Pur Couture,126 Lale’s Red,cream,red,Beauty Unhyped red lipstick comparison,L0012,lipstick_images/swatches/L0012.jpg,https://www.temptalia.com/wp-content/uploads/2019/10/ysl_lales-red-126_003_swatch.jpg,https://www.temptalia.com/product/yves-saint-laurent-rouge-pur-couture-spf15-lipstick/lales-red-126/,Temptalia,3,36.75603033510095,57.354970767256816,40.268473054246016,70.07954476046075,17.499368421052633
YSL,Rouge Volupte Shine,85 Burgundy Love,glossy,red,Beauty Unhyped red lipstick comparison,L0013,lipstick_images/swatches/L0013.jpg,https://www.temptalia.com/wp-content/uploads/2019/01/ysl_burgundy-love-85_003_swatch.jpg,https://www.temptalia.com/product/yves-saint-laurent-rouge-volupte-shine/burgundy-love-85/,Temptalia,3,52.10976784234701,58.77064743976206,24.01683441267022,63.4885606680009,12.946105263157897
Armani,Lip Power,404,creamy,red,Beauty Unhyped red lipstick comparison,L0014,lipstick_images/swatches/L0014.jpg,https://www.temptalia.com/wp-content/uploads/2021/07/giorgio-armani_tempting-404_003_swatch.jpg,https://www.temptalia.com/product/giorgio-armani-lip-power-satin-lipstick/tempting-404/,Temptalia,1,38.545730204348445,54.596087842176416,35.62562435471864,65.19139451134762,15.05663157894737
YSL,Matte Tatouage,9 Black Code Red,matte,red,Beauty Unhyped red lipstick comparison,L0015,lipstick_images/swatches/L0015.jpg,https://www.temptalia.com/wp-content/uploads/2017/10/ysl_black-red-code-8_003_swatch.jpg,https://www.temptalia.com/product/ysl-tatouage-couture-liquid-matte-lip-stain/black-red-code-8/,Temptalia,4,36.94038097420896,55.85882331518869,33.17850574503612,64.96938806569493,11.609263157894736
Givenchy,Le Rouge Sheer Velvet Lipstick,37 Rouge Graine,powder matte,red,Beauty Unhyped red lipstick comparison,L0016,lipstick_images/swatches/L0016.jpg,https://u-mercari-images.mercdn.net/photos/m58293538938_9.jpg?width=2560&quality=75&_=1767661984,https://www.mercari.com/us/item/m58293538938/,Mercari,2,39.06086477313325,37.38429582281549,24.27579281749405,44.574653011388385,26.79090881347656
Urban Decay,Vice Lipstick,The 405,glossy,red,Beauty Unhyped red lipstick comparison,L0017,lipstick_images/swatches/L0017.jpg,https://www.temptalia.com/wp-content/uploads/2021/07/urban-decay_the-405_004_swatch.jpg,https://www.temptalia.com/product/urban-decay-vice-hydrating-lipstick/the-405/,Temptalia,2,50.47399113034767,62.98201639681366,31.54069818694973,70.4382710714052,14.329263157894736
Armani,Lip Power,400,creamy,red,Beauty Unhyped red lipstick comparison,L0018,lipstick_images/swatches/L0018.jpg,https://www.temptalia.com/wp-content/uploads/2021/08/giorgio-armani_four-hundred-400_003_swatch.jpg,https://www.temptalia.com/product/giorgio-armani-lip-power-satin-lipstick/four-hundred-400/,Temptalia,1,45.25862332187876,65.14421072806135,33.77277736517871,73.37825755862558,17.527368421052632
La Perla,Lipstick,106 Venetian Red,satin,red,Beauty Unhyped red lipstick comparison,L0019,lipstick_images/swatches/L0019.jpg,https://i.ebayimg.com/00/s/MTMwMlgxMzAy/z/erAAAOSwOt1jU~VU/$_57.JPG?set_id=880000500F,https://www.ebay.co.uk/itm/165737748936,eBay UK,4,51.34287497128247,67.11999475434533,36.32983621845637,76.32136460705618,4.050073029558685
Shiseido,Modern Matte Lipstick,515 Mellow Drama,matte,red,Beauty Unhyped red lipstick comparison,L0020,lipstick_images/swatches/L0020.jpg,https://www.distacart.com/cdn/shop/products/cOZW51MiKm.jpg?v=1683871169,https://www.distacart.com/en-my/products/shiseido-modernmatte-powder-lipstick-515-mellow-drama?srsltid=AfmBOoq9y5ApIm8XT7lB2297B_1P0qGgw4LYjDew6bQ2N5a18P5y2C0N,Dista,1,39.25268721644004,55.8551318120135,33.154860894008806,64.95414190518167,12.444747081712062
YSL,Rouge Pur Couture,122 Wolf’s Red,satin,red,Beauty Unhyped red lipstick comparison,L0021,lipstick_images/swatches/L0021.jpg,https://www.temptalia.com/wp-content/uploads/2019/10/ysl_wolfs-red-122_003_swatch.jpg,https://www.temptalia.com/product/yves-saint-laurent-rouge-pur-couture-spf15-lipstick/wolfs-red-122/,Temptalia,3,44.99125008167323,67.89218092001823,47.28587807935966,82.73634325864634,19.654315789473685
Fenty Beauty,Icon Lipstick,The MVP,semi-matte,red,Beauty Unhyped red lipstick comparison,L0022,lipstick_images/swatches/L0022.jpg,https://www.temptalia.com/wp-content/uploads/2023/02/fenty-beauty_the-mvp_004_swatch.jpg,https://www.temptalia.com/product/fenty-beauty-icon-velvet-liquid-lipstick/the-mvp/,Temptalia,2,52.73191901540309,63.55088877506262,36.46305465445056,73.26847766150071,11.082736842105264
MAC,Love Me Lipstick,E is for Effortless,creamy,red,Beauty Unhyped red lipstick comparison,L0023,lipstick_images/swatches/L0023.jpg,https://www.temptalia.com/wp-content/uploads/2019/07/mac_e-for-effortless_003_swatch.jpg,https://www.temptalia.com/product/mac-love-me-lipstick/e-for-effortless/,Temptalia,1,42.32446492312073,62.96568947049326,42.542797932282554,75.99057643156559,18.137263157894736
Peripera,Ink The Velvet Lip Tint,33 Pure Red,matte,red,Beauty Unhyped red lipstick comparison,L0024,lipstick_images/swatches/L0024.jpg,https://cdn.beautybooth.qa/uploads/all/C8A25uBQPpfRiBtRsEi0TOeOHQklK613sZgI08J0.png,https://beautyboothqa.com/product/ink-velvet-lip-tint-pure-red?srsltid=AfmBOooEZh0Asrd8Jyz__CLXY681CmcZh2gC_KEc6iEx9vMSuAmLhTtj,Beauty Booth Qatar,1,39.85432353995289,43.99238395969266,20.614287552463225,48.58269957250898,19.905416666666667
YSL,Slim Matte Lipstick,09 Red Enigma,soft matte,red,Beauty Unhyped red lipstick comparison,L0025,lipstick_images/swatches/L0025.jpg,https://www.chicprofile.com/wp-content/uploads/2018/09/YSL-Slim-Lipsticks.jpg,https://www.chicprofile.com/ysl-rouge-pur-couture-the-slim-matte-lipstick-swatches,Chic Profile,0,47.05058255186509,48.7271675565718,29.48479532163424,56.95340212177748,12.3596875
NARS,Velvet Matte Lipstick,Cruella,matte,red,Beauty Unhyped red lipstick comparison,L0026,lipstick_images/swatches/L0026.jpg,https://www.temptalia.com/wp-content/uploads/2017/02/nars_cruella_003_swatch.jpg,https://www.temptalia.com/product/nars-cosmetics-velvet-matte-lip-pencil/cruella/,Temptalia,4,39.8058013143235,59.467291955776886,33.59037182371037,68.29840328886702,13.229684210526315
Sisley,Phyto-Lip Twist Tinted Lip Balm,26 True Red,glossy,red,Beauty Unhyped red lipstick comparison,L0027,lipstick_images/swatches/L0027.jpg,https://dy6g3i6a1660s.cloudfront.net/-eET8GYcXT-1GdI2_E5R-QR-BH4/zb_p.jpg,https://www.beautylish.com/s/sisley-paris-phyto-lip-twist-26-true-red,Beautylish,2,41.61573497166307,63.85726808949596,23.671067375005123,68.10337817264127,11.472060491493384
Sisley,Phyto Rouge Shine,40 Cherry,glossy,red,Beauty Unhyped red lipstick comparison,L0028,lipstick_images/swatches/L0028.jpg,https://dy6g3i6a1660s.cloudfront.net/Oa0lwDpZjAEt4UD5e1breAR-BH4/zb_p.jpg,https://www.beautylish.com/s/sisley-paris-phyto-rouge-shine-40-sheer-cherry,Beautylish,3,45.29781503127487,50.29304940544054,21.87708343699458,54.84521490711205,3.0640453686200377
Rouje,Le Style,Louise,matte,red,Beauty Unhyped red lipstick comparison,L0029,lipstick_images/swatches/L0029.jpg,,,,2,39.1159853772019,56.23622881355948,38.37076271186436,68.07957742422626,27.06031307550645
Shiseido,Modern Matte Lipstick,514 Hyper Red,matte,red,Beauty Unhyped red lipstick comparison,L0030,lipstick_images/swatches/L0030.jpg,https://cdn.fynd.com/v2/falling-surf-7c8bb8/fyprod/wrkr/products/pictures/item/free/original/shiseido/7010877/1/Cn8cJ2HQVR-3_Swatch_199446_20Shiseido_20ModernMatte_20Powder_20Lipstick_20514_20Hyper_20Red_cf3e1e5fa097808e440f9b4f452677ae3a812adc_1535014482.png,https://sephora.in/product/shiseido-modernmatte-powder-lipstick-v-514-hyper-red?srsltid=AfmBOooEubL0PFgGAMYljZ4clgtlqduuf1SZkV2B_Vj4xusUate-JabD,Sephora India,0,42.7959548082707,58.46312938793807,37.63909679134818,69.53156912582416,32.3362
Armani,Lip Power,403,creamy,red,Beauty Unhyped red lipstick comparison,L0031,lipstick_images/swatches/L0031.jpg,https://www.temptalia.com/wp-content/uploads/2021/08/giorgio-armani_fighter-403_003_swatch.jpg,https://www.temptalia.com/product/giorgio-armani-lip-power-satin-lipstick/fighter-403/,Temptalia,1,57.96077126930309,59.50188239918651,20.757011747985615,63.0184698779067,13.921473684210524
Peripera,Ink The Velvet Lip Tint,03 Red Only,matte,red,Beauty Unhyped red lipstick comparison,L0032,lipstick_images/swatches/L0032.jpg,https://moidaus.com/cdn/shop/files/3_91870df1-370a-4b22-92d7-6a3a84709d4c.jpg?v=1750906943&width=1946,https://moidaus.com/products/peripera-ink-the-velvet?srsltid=AfmBOorLk1jhA9xols_nqP1wAjeHRy_9FIqLOkclKbigN9ppUlzLaFLF,MOIDA,0,39.37914186989766,49.868628039628675,23.76835785049667,55.24323395189773,13.3296
Tom Ford,,Scarlet Rouge,glossy,red,Beauty Unhyped red lipstick comparison,L0033,lipstick_images/swatches/L0033.jpg,https://www.temptalia.com/wp-content/uploads/2017/08/tom-ford-beauty_scarlet-rouge_003_swatch.jpg,https://www.temptalia.com/product/tom-ford-beauty-lip-color/scarlet-rouge/,Temptalia,1,48.18446803062281,65.71316862158614,47.76281507361762,81.23734999398741,12.649263157894737
Rare Beauty,Lip Souffle,Inspire,matte,red,Beauty Unhyped red lipstick comparison,L0034,lipstick_images/swatches/L0034.jpg,https://www.temptalia.com/wp-content/uploads/2020/09/rare-beauty_inspire_001_product.jpg,https://www.temptalia.com/product/rare-beauty-lip-souffle-matte-cream-lipstick/inspire/,Temptalia,1,55.479255904342104,64.69682253726387,36.21832328137915,74.14476237558999,8.064842105263157
Fenty Beauty,Icon Lipstick,Danger Danc’r,matte,red,Beauty Unhyped red lipstick comparison,L0035,lipstick_images/swatches/L0035.jpg,https://fentybeauty.co.uk/cdn/shop/files/FB23_SPRING_T2_SMEAR_ICON_RED-EXT_DANGER-DANCR_0044_1200x1500_1.png?format=webp&v=1700496186&width=800,https://fentybeauty.co.uk/products/fenty-icon-the-fill-semi-matte-refillable-lipstick-danger-dancr?srsltid=AfmBOornYDvZRFT3LAAw-p83mrmUTk3g0KcqCzke7c-BsqKF_MaZZli4,Fenty Beauty UK,3,48.61345475488451,65.60019963237428,41.77093401176111,77.77015571555879,10.267625
Em Cosmetics,Infinite Lip Cloud,Love,matte,red,Beauty Unhyped red lipstick comparison,L0036,lipstick_images/swatches/L0036.jpg,,,,1,32.443239086837195,47.986963434023096,39.12813990461089,61.91736422049208,20.362694300518136
Shiseido,Modern Matte Lipstick,510 Night Life,matte,red,Beauty Unhyped red lipstick comparison,L0037,lipstick_images/swatches/L0037.jpg,https://cdn.fynd.com/v2/falling-surf-7c8bb8/fyprod/wrkr/products/pictures/item/free/original/shiseido/7010873/1/5kDrGQQdoG-3_Swatch_199442_20Shiseido_20ModernMatte_20Powder_20Lipstick_20510_20Night_20Life_4be3516378668a75abec2d073809ca7e3d4986c3_1535014460.png,https://sephora.in/product/shiseido-modernmatte-powder-lipstick-v-510-night-life?srsltid=AfmBOoqwoGY9ATOPWtBffD4FUEI_rTgbxipSq4AwY2yg3TxC7ze_m4WZ,Sephora India,1,47.51266337038989,66.82959826286125,48.59059189901129,82.62711918657027,33.2011
Kosas,Lipstick,Phoenix,semi-matte,red,Beauty Unhyped red lipstick comparison,L0038,lipstick_images/swatches/L0038.jpg,https://www.refinery29.com/images/11290768.jpeg?format=webp&width=NaN&height=NaN&quality=85,https://www.refinery29.com/en-us/shop/product/weightless-lipstick-buttery-lip-color-in-phoenix-11290727,Refinery29,2,37.087718728121985,56.12560136270713,43.2280344359304,70.84310897694635,9.449327256944445
Maybelline,Color Sensational Lipstick,Made for Me,matte,red,Beauty Unhyped red lipstick comparison,L0039,lipstick_images/swatches/L0039.jpg,https://blogger.googleusercontent.com/img/b/R29vZ2xl/AVvXsEiURyPhDQyoyBHj-NoeCafRywrfqt2WjCdwrlwiPjN7B7vCGJCaxPnPSLY5ZqReaLYinFSY0AjXdx2wC2-bWmoGx2wZIOmjkxjy_3XMmgNGoACaE5bRHwLRVxCeAchwMqzCHvIZqAOZQZyP/s1600/maybelline-made-for-all-lipstick-370-spice-for-me-review-swatches.jpg,http://www.thehappysloths.com/2019/03/maybelline-made-for-all-lipstick-by-color-sensational-review-swatches.html,The Happy Sloths,4,49.03738103731892,44.65899318818549,28.37894336355231,52.913042806231694,9.099195075757576
Givenchy,Le Rouge Velvet,37 Rouge Graine,soft satin-matte,red,Beauty Unhyped red lipstick comparison,L0040,lipstick_images/swatches/L0040.jpg,https://u-mercari-images.mercdn.net/photos/m58293538938_9.jpg?width=2560&quality=75&_=1767661984,https://www.mercari.com/us/item/m58293538938/,Mercari,2,39.06086477313324,37.38429582281549,24.27579281749405,44.574653011388385,26.79090881347656
Gucci,Lipstick,Goldie Red,matte,red,Beauty Unhyped red lipstick comparison,L0041,lipstick_images/swatches/L0041.jpg,https://www.temptalia.com/wp-content/uploads/2021/07/gucci_goldie-red-25_003_Swatch.jpg,https://www.temptalia.com/gucci-goldie-red-louise-orange-brilliant-glow-care-lipsticks-review-swatches/,Temptalia,3,53.90858764493718,56.54525046219163,29.409939255217097,63.736252453588314,4.806736842105263
Shu Uemura,Lipstick,RD188 Red High Heels,creamy,red,Beauty Unhyped red lipstick comparison,L0042,lipstick_images/swatches/L0042.jpg,https://www.shuuemura-usa.com/images?url=https://static.thcdn.com/productimg/original/14759317-3635140074449853.jpg&format=webp&auto=avif&width=1000&height=1000&fit=cover&v=2,https://www.shuuemura-usa.com/p/rouge-unlimited-kinu-satin/14869424/,Shu Uemura,1,30.576582598916744,45.174069879225186,24.755327552898677,51.512356107097496,10.5134
Givenchy,Le Rouge Lipstick,Grenat Initie,creamy,red,Beauty Unhyped red lipstick comparison,L0043,lipstick_images/swatches/L0043.jpg,https://www.temptalia.com/wp-content/uploads/2019/10/givenchy_grenat-initie-307_003_swatch.jpg,https://www.temptalia.com/product/givenchy-le-rouge/grenat-initie-307/,Temptalia,1,45.37766399761347,66.27183402543847,44.789474544681866,79.98783041865786,12.826105263157894
YSL,Rouge Pur Couture,146 Paris Stroll,creamy,red,Beauty Unhyped red lipstick comparison,L0044,lipstick_images/swatches/L0044.jpg,https://www.temptalia.com/wp-content/uploads/2020/12/ysl_paris-stroll-146_005_swatch.jpg,https://www.temptalia.com/product/yves-saint-laurent-rouge-pur-couture-spf15-lipstick/paris-stroll-146/,Temptalia,4,47.31671635482936,59.906257630186474,39.277599497711634,71.63441578987653,12.084842105263158
Victoria Beckham Beauty,Posh Lipstick,Fire,glossy,red,Beauty Unhyped red lipstick comparison,L0045,lipstick_images/swatches/L0045.jpg,https://www.cultbeauty.co.uk/images?url=https://static.thcdn.com/productimg/original/13459476-6484911930539118.jpg&format=webp&auto=avif&width=1200&height=1200&fit=cover,https://www.cultbeauty.co.uk/p/victoria-beckham-beauty-posh-lipstick/13323858/?variation=13459476&bvstate=pg:2/ct:r&srsltid=AfmBOor7vlHspRqo0cfpYTAUMZYvZSeWDmy2lcA3fxkfEsGQlG_Y7a4-,Cult Beauty,1,44.89195606100264,54.2274477732924,44.102388445510485,69.89733012500443,47.55048611111111
Glossier Play,Vinylic Lip,Disco,glossy,red,Beauty Unhyped red lipstick comparison,L0046,lipstick_images/swatches/L0046.jpg,,,,4,35.98068026767033,42.842098696984465,31.61404214028522,53.24371400653685,7.312746785461173
Rituel de Fille,Enchanted Lip Sheer,Bloodroot,glossy,red,Beauty Unhyped red lipstick comparison,L0047,lipstick_images/swatches/L0047.jpg,https://ritueldefille.com/cdn/shop/files/BloodrootLipmacro14-5.jpg?v=1780440785&width=1000,https://ritueldefille.com/products/enchanted-lip-sheer-bloodroot?srsltid=AfmBOorsX_XsUHXQKlUFUeGfw1RUVV90qPghHvvio7wn8kBi-iGxS0XV,Rituel de Fille,2,54.17368900762127,61.24204134698343,51.68241486464461,80.1352583734954,10.11648
Merit,Signature Lip,Cabo,balmy,red,Beauty Unhyped red lipstick comparison,L0048,lipstick_images/swatches/L0048.jpg,,,,2,38.470229443618734,36.96805045538531,30.38231571959085,47.85103826414648,36.35039251207729
YSL,Rouge Pur Couture,124 Scout’s Red,soft matte,red,Beauty Unhyped red lipstick comparison,L0049,lipstick_images/swatches/L0049.jpg,,,,3,54.580748586859,54.87247461011168,38.65376318266331,67.12005570631456,26.371796999731274
Shiseido,Modern Matte,509 Flame,matte,red,Beauty Unhyped red lipstick comparison,L0050,lipstick_images/swatches/L0050.jpg,https://cdn.fynd.com/v2/falling-surf-7c8bb8/fyprod/wrkr/products/pictures/item/free/original/shiseido/7010872/1/FpsJF4r9St-3_Swatch_199441_20Shiseido_20ModernMatte_20Powder_20Lipstick_20509_20Flame_023db09f893be45778901ae6e0adbf3fd4bb56c6_1535014454.png,https://sephora.in/product/shiseido-modernmatte-powder-lipstick-v-509-flame?srsltid=AfmBOoq3g5aBvEFu9SNx0SofYs7BzgfIeAXjXpjPp6dDCNrW10fqdwwU,Sephora India,0,49.049976065427856,65.76543743321767,47.33296108423485,81.02778514672704,32.8657
Urban Decay,Vice Lipstick,Olvera,creamy,red,Beauty Unhyped red lipstick comparison,L0051,lipstick_images/swatches/L0051.jpg,https://www.temptalia.com/wp-content/uploads/2021/08/urban-decay_olvera_004_swatch.jpg,https://www.temptalia.com/product/urban-decay-vice-hydrating-lipstick/olvera/,Temptalia,1,51.108291865273706,57.7386821015138,53.38977738201848,78.63983557791282,11.823368421052631
Armani,Lip Maestro,405,creamy,red,Beauty Unhyped red lipstick comparison,L0052,lipstick_images/swatches/L0052.jpg,https://lipstick.vn/wp-content/uploads/2020/10/swatch-son-kem-giorgio-armani-405.jpg,https://shelterrockislamiccenter.com/product-similar-image/?36528330031120,shelterrockislamiccenter.com,0,45.299292251263736,49.4305511174685,39.83798706790259,63.48578263988749,44.667826291553226
Armani,Lip Power,405,creamy,red,Beauty Unhyped red lipstick comparison,L0053,lipstick_images/swatches/L0053.jpg,https://assets-cf.armani.com/image/upload/v1738955485/LE294900_NLP_405_G_FW2024.jpg,https://www.armani.com/en-us/giorgio-armani/405-powerful-lip-power-matte-long-lasting-lipstick-cod-LE294900-NLP-405/,Armani,3,46.81767094000326,59.23799321466066,51.42416207356911,78.44478494501011,15.065825737847222
YSL,Rouge Pur Couture,145 Lost in Marais,creamy,red,Beauty Unhyped red lipstick comparison,L0054,lipstick_images/swatches/L0054.jpg,https://www.temptalia.com/wp-content/uploads/2020/12/ysl_lost-in-marais-145_005_swatch.jpg,https://www.temptalia.com/product/yves-saint-laurent-rouge-pur-couture-spf15-lipstick/lost-in-marais-145/,Temptalia,1,51.80601101985216,59.68021113604712,48.896831245399454,77.15327411772125,12.23684210526316
Charlotte Tilbury,,Red Hot Susan,matte,red,Beauty Unhyped red lipstick comparison,L0055,lipstick_images/swatches/L0055.jpg,https://images.ctfassets.net/wlke2cbybljx/WK6JnaP6fdoMkQjsUImLe/d008b2a6e665a78daa43b5a7f0d1f2d6/HotLips2.0_RedHotSusan_Swatch.png?w=660&h=660&fit=fill&q=80&bg=rgb%3AF5F5F5&fm=jpg,https://www.charlottetilbury.com/us/product/hot-lips-2-red-hot-susan-lipstick?srsltid=AfmBOoocaLIMN16lNn9A_1G9BNEOriU4hZ0lD0zCJbXq3zm8xk36rLpK,Charlotte Tilbury,0,40.22288767160722,53.59739525990352,46.08115547315796,70.68347521442112,15.849862258953168
MAC,Powder Kiss Lipstick,Devoted to Chili,matte,red,Beauty Unhyped red lipstick comparison,L0056,lipstick_images/swatches/L0056.jpg,https://www.temptalia.com/wp-content/uploads/2018/10/mac_devoted-to-chili_003_swatch.jpg,https://www.temptalia.com/product/mac-powder-kiss-lipstick/devoted-to-chili/,Temptalia,2,50.129293957463794,52.893142138197845,34.82285724134556,63.32705481626896,12.192631578947369
YSL,Rouge Pur Couture,1966 Rouge Libre,creamy,red,Beauty Unhyped red lipstick comparison,L0057,lipstick_images/swatches/L0057.jpg,https://lipstick.vn/wp-content/uploads/2023/02/son-ysl-the-slim-velvet-radical-1966-rouge-libre.jpg,https://www.taekwondoluxembourg.com/shop/manufacturer-site?&transition=top23981719032730,www.taekwondoluxembourg.com,1,32.70040552055771,48.33289470947361,34.46020658663116,59.3597047582816,22.45568288119738
YSL,Rouge Volupte Shine,80 Chili Tunique,glossy,red,Beauty Unhyped red lipstick comparison,L0058,lipstick_images/swatches/L0058.jpg,https://www.temptalia.com/wp-content/uploads/2019/01/ysl_chili-tunique-80_003_swatch.jpg,https://www.temptalia.com/product/yves-saint-laurent-rouge-volupte-shine/chili-tunique-80/,Temptalia,3,57.20755783250823,42.96818467995956,30.686813571177534,52.80099830347261,15.076
YSL,Rouge Pur Couture,83 Fiery Chili,creamy,red,Beauty Unhyped red lipstick comparison,L0059,lipstick_images/swatches/L0059.jpg,https://www.temptalia.com/wp-content/uploads/2019/08/ysl_fiery-red-83_003_swatch.jpg,https://www.temptalia.com/product/yves-saint-laurent-rouge-pur-couture-spf15-lipstick/fiery-red-83/,Temptalia,1,48.588690303386024,62.22788408807662,52.1861200103952,81.21391924921781,14.58084210526316
Urban Decay,Vice Lipstick,The Big One,,red,Beauty Unhyped red lipstick comparison,L0060,lipstick_images/swatches/L0060.jpg,https://www.temptalia.com/wp-content/uploads/2021/08/urban-decay_the-big-one_004_swatch.jpg,https://www.temptalia.com/product/urban-decay-vice-hydrating-lipstick/the-big-one/,Temptalia,2,48.266249742450015,55.783150928988874,42.405355779364186,70.07120754162017,11.625263157894738
MAC,,Chili,satin,red,Beauty Unhyped red lipstick comparison,L0061,lipstick_images/swatches/L0061.jpg,https://i.ebayimg.com/images/g/5eAAAOSwngpg6NbL/s-l1200.jpg,https://www.ebay.com/itm/144108122422,eBay,0,39.90333632311342,39.403658276780675,25.537465380281446,46.95540888590344,19.509512485136742
3CE,,Step and Go,matte,red,Beauty Unhyped red lipstick comparison,L0062,lipstick_images/swatches/L0062.jpg,http://www.midorikittykitty.com/wp-site-content/uploads/2018/06/IMG_2771.jpg,http://www.midorikittykitty.com/review-3-concept-eyes-mood-recipe-matte-lip-colour-in-222-step-and-go/,Midori Kitty Kitty!,1,40.518507929348225,21.354888697996188,19.208825598810847,28.722991699844503,13.765155555555555
Armani,Lip Maestro,415,,red,Beauty Unhyped red lipstick comparison,L0063,lipstick_images/swatches/L0063.jpg,https://www.temptalia.com/wp-content/uploads/2019/10/giorgio-armani_redwood-415_003_swatch.jpg,https://www.temptalia.com/product/giorgio-armani-lip-maestro/redwood-415/,Temptalia,1,43.059608533654654,60.96797182706203,45.79338306843107,76.25042636967677,22.685263157894735
YSL,Rouge Volupte Shine,122 Burnt Zellige,glossy,red,Beauty Unhyped red lipstick comparison,L0064,lipstick_images/swatches/L0064.jpg,https://www.temptalia.com/wp-content/uploads/2021/02/ysl_burnt-zellige-122_003_swatch.jpg,https://www.temptalia.com/product/yves-saint-laurent-rouge-volupte-shine/burnt-zellige-122/,Temptalia,3,58.36080812808728,42.12871950581243,31.575206784628477,52.648102441507504,10.052842105263156
MAC,Powder Kiss,Marrakesh-Mere,soft matte,red,Beauty Unhyped red lipstick comparison,L0065,lipstick_images/swatches/L0065.jpg,https://www.temptalia.com/wp-content/uploads/2021/02/mac_marrakeshmere_003_swatch.jpg,https://www.temptalia.com/product/mac-powder-kiss-lipstick/marrakesh-mere/,Temptalia,3,45.12953751762067,46.907296772877146,37.87260008169693,60.28787877747003,8.212
MAC,,Marrakesh,matte,red,Beauty Unhyped red lipstick comparison,L0066,lipstick_images/swatches/L0066.jpg,https://www.temptalia.com/wp-content/uploads/2021/02/mac_marrakeshmere_003_swatch.jpg,https://www.temptalia.com/product/mac-powder-kiss-lipstick/marrakesh-mere/,Temptalia,3,45.12953751762067,46.907296772877146,37.87260008169693,60.28787877747003,8.212
Byredo,Liquid Vinyl Lipstick,Auburn,creamy,red,Beauty Unhyped red lipstick comparison,L0067,lipstick_images/swatches/L0067.jpg,https://www.skins.nl/media/a4/1f/19/1729038156/2461ff5ba8099df2908151b08f601c4d.png?ts=1750255770,https://www.skins.nl/en/byredo/liquid-lipstick-vinyl/126645/,Skins,1,30.75054464163695,33.65234906117246,26.240660987688216,42.6737962502257,10.987291666666668
YSL,Rouge Pur Couture,143 London Sky,,red,Beauty Unhyped red lipstick comparison,L0068,lipstick_images/swatches/L0068.jpg,https://www.temptalia.com/wp-content/uploads/2020/12/ysl_london-sky-143_005_swatch.jpg,https://www.temptalia.com/product/yves-saint-laurent-rouge-pur-couture-spf15-lipstick/london-sky-143/,Temptalia,1,50.9824176244561,56.2656027631611,33.0218430689047,65.2400197269223,13.20442105263158
Anastasia Beverly Hills,Full-Pigment Matte & Satin Velvet Lipstick,Hush Pink,matte/satin,pink,Sephora pink lipstick listings,L0069,lipstick_images/swatches/L0069.jpg,https://media.ulta.com/i/ulta/2604139_alt02?w=800&h=800&fmt=auto,https://www.ulta.com/p/full-pigment-matte-satin-velvet-lipstick-pimprod2030578?sku=2604139,Ulta Beauty,4,62.3384835897819,29.881745722539733,19.28421516401417,35.564022296676676,42.924687500000005
Charlotte Tilbury,K.I.S.S.I.N.G Satin Shine Lipstick,90's Pink,satin shine,pink,Sephora pink lipstick listings,L0070,lipstick_images/swatches/L0070.jpg,"https://m.media-amazon.com/images/I/81v4OFLQlXL._AC_UF1000,1000_QL80_AIweblab1381794,T1_.jpg",https://www.amazon.com/CHARLOTTE-TILBURY-K-I-S-S-I-N-G-Lipstick-Pink/dp/B0CT8HVGV8,Amazon.com,1,35.417778824212974,27.88291131241533,15.91108489572258,32.10326098412605,23.6766
Gucci,Long Lasting Satin Lipstick,221 Mina Light Pink,satin,pink,Sephora pink lipstick listings,L0071,lipstick_images/swatches/L0071.jpg,https://images.selfridges.com/is/image/selfridges/R04304516_221MINALIGHTPINK_ALT01?$CHANNEL_INTELLIGENCE$,https://modesens.com/product/gucci-221-mina-light-pink-rouge-a-levres-satin-lipstick-35g-93170029/?srsltid=AfmBOoqIkp4kg9ksGMebVCSquW2FhplAa3qu-sFF4-gD_9lAbQex1yT1,ModeSens,2,45.69202481474309,20.29952443424293,22.98241226632004,30.663691327619436,11.42015625
CLINIQUE,Almost Lipstick,Pink Honey,sheer,pink,Sephora pink lipstick listings,L0072,lipstick_images/swatches/L0072.jpg,https://i.pinimg.com/474x/ee/a0/d2/eea0d22f78618b97b32e5dfc0d771d30.jpg,https://www.pinterest.com/pin/clinique-almost-lipstick-in-luscious-honey--211174968764430/,Pinterest,0,51.08086240305432,30.295479950252343,15.671536753939762,34.10884298310669,18.661656351311525
DIOR,Rouge Dior Refillable Lipstick,772 Classic Rosewood,,pink,Sephora pink lipstick listings,L0073,lipstick_images/swatches/L0073.jpg,https://media.ulta.com/i/ulta/2618518_sm?w=800&h=800&fmt=auto,https://www.ulta.com/p/rouge-dior-lipstick-pimprod2043044?sku=2618518,Ulta Beauty,2,52.799041013777064,45.1980726107343,20.763933399305728,49.73938779213124,34.4215625
TOM FORD,Lip Color Matte Lipstick with Full Coverage Pigment,Fascinator,matte,pink,Sephora pink lipstick listings,L0074,lipstick_images/swatches/L0074.jpg,https://www.temptalia.com/wp-content/uploads/2020/04/tom-ford-beauty_fascinator_003_swatch.jpg,https://www.temptalia.com/product/tom-ford-beauty-lip-color-matte/fascinator/,Temptalia,3,64.73120446659118,41.07534176871178,19.93318972828064,45.656497392595845,12.344
Gucci,Transfer-Proof Matte Liquid Lipstick,413 Cornelia Pink,matte,pink,Sephora pink lipstick listings,L0075,lipstick_images/swatches/L0075.jpg,https://i.ytimg.com/vi/OOg78fFXRUU/oar2.jpg?sqp=-oaymwEYCJUDENAFSFqQAgHyq4qpAwcIARUAAIhC&rs=AOn4CLAsDIvb3Tn3VVHxrQUn0WiHtK1XtQ&usqp=CCk,https://www.youtube.com/shorts/OOg78fFXRUU,YouTube,4,56.83730229377856,39.29841425466415,0.2466857069758248,39.29918850013594,16.115912208504803
Bobbi Brown,Luxe Hydrating Lipstick,Pink Cloud,hydrating,pink,Sephora pink lipstick listings,L0076,lipstick_images/swatches/L0076.jpg,https://www.temptalia.com/wp-content/uploads/2022/11/bobbi-brown_pink-cloud_003_swatch.jpg,https://www.temptalia.com/product/bobbi-brown-luxe-lipstick/pink-cloud/,Temptalia,3,64.22900127002816,43.67486823370734,13.900082431993468,45.83346383209447,8.453052631578947
SEPHORA COLLECTION,About That Shine Lacquer Shine Lipstick,03 Pink Plasma,lacquer shine,pink,Sephora pink lipstick listings,L0077,lipstick_images/swatches/L0077.jpg,https://cdn.fynd.com/v2/falling-surf-7c8bb8/fyprod/wrkr/products/pictures/item/free/original/000000000494433091/AACQlUn4H-000000000494433091_3.jpg,https://sephora.in/product/sephora-collection-about-that-shine-lacquer-shine-lipstick-v-03-pink-plasma?srsltid=AfmBOopr6bGXULjpwIF4-nCRpOv2dU8y6Uccxc3jU5k35qwJ02SOj52o,Sephora India,2,34.25568309524528,48.39613439304901,27.908310473204068,55.86644446945602,14.512177777777776
SEPHORA COLLECTION,Cream Lip Stain 10HR Liquid Lipstick,71 Pink Cashmere,liquid,pink,Sephora pink lipstick listings,L0078,lipstick_images/swatches/L0078.jpg,https://tb-static.uber.com/prod/image-proc/processed_images/eac91023c382570d5d0cebfc5d3bdaf7/b4665c191b34baf3d0e0fa45dfdd3d1d.jpeg,https://postmates.com/store/sephora-2525-el-camino-real-224/uFP7AKiLXhqBKzPEFx0jpQ/e2998a8c-7a08-5a69-baea-32dc74ff2be2/67750f9f-12f4-5667-b001-5a113dbd6c59/8727f036-7664-5c9b-be97-991124509371?scats=e2998a8c-7a08-5a69-baea-32dc74ff2be2,Postmates,2,57.14340849954861,21.23783238391411,21.210123389320728,30.01524376974875,23.7807
Freck Beauty,MAKEOUT CLUB Soft Blur Lipstick,Muse - a pink beige,soft blur,pink,Sephora pink lipstick listings,L0079,lipstick_images/swatches/L0079.jpg,https://m.media-amazon.com/images/I/91zjqWPo6QL.jpg,https://us.amazon.com/Freck-Beauty-MAKEOUT-CLUB-Lipstick/dp/B0BN4HGR1B,Amazon.com,2,50.99711932094117,38.73817825133099,26.954156447881616,47.1929338359968,23.831634521484375
Valentino,Liquirosso 2 in 1 Soft Matte Liquid Lipstick & Blush,302R - Pink Is Punk,soft matte,pink,Sephora pink lipstick listings,L0080,lipstick_images/swatches/L0080.jpg,https://i.ebayimg.com/images/g/B30AAOSw~y9ntqBi/s-l1200.png,https://www.ebay.com/itm/146402628589,eBay,0,58.59653477759355,63.61287297528284,-11.14413895993249,64.58164941628354,9.579591836734696
Kosas,Wet Stick Moisturizing Shiny Sheer Lipstick with Ceramides,Baby Rose,shiny sheer,pink,Sephora pink lipstick listings,L0081,lipstick_images/swatches/L0081.jpg,https://www.temptalia.com/wp-content/uploads/2023/07/kosas_baby-rose_003_swatch.jpg,https://www.temptalia.com/product/kosas-wet-stick-moisturizing-lip-shine/baby-rose/,Temptalia,3,75.86078050940709,24.54517188199628,12.71052435202165,27.640964021178355,16.826947368421052
ILIA,Color Block Lipstick,Rosette,,pink,Sephora pink lipstick listings,L0082,lipstick_images/swatches/L0082.jpg,https://www.smallflower.com/cdn/shop/products/Untitleddesign_34_-min.png?v=1673898099&width=1946,https://www.smallflower.com/products/ilia-color-block-lipstick-rosette-0_14-oz?srsltid=AfmBOopagozFi-r0JBBqrjqOcpR9nPV7hPwgkbTnpVlb_sJ6VS9kGqUc,Smallflower,1,49.267536862086615,35.32121609686152,11.966019931887589,37.2930816582851,5.232727633779043
REFY,Lip Blush,Bloom,,pink,Sephora pink lipstick listings,L0083,lipstick_images/swatches/L0083.jpg,,,,2,72.20951447138953,25.943372531110867,13.793241237584112,29.382172862574148,24.76527149321267
Bobbi Brown,Luxe Hydrating Lipstick,Sandwash Pink,hydrating,pink,Sephora pink lipstick listings,L0084,lipstick_images/swatches/L0084.jpg,"https://m.media-amazon.com/images/I/91ip7HBuK-L._AC_UF1000,1000_QL80_.jpg",https://www.amazon.com/Bobbi-Brown-Luxe-Lipstick-Sandwash/dp/B0D5WFXFDD,Amazon.com,0,35.54410029925871,28.93169663403316,18.378477457032744,34.27552339151638,18.9168
PAT McGRATH LABS,LiquiLUST™: Legendary Wear Matte Lipstick,Pink Desire,matte,pink,Sephora pink lipstick listings,L0085,lipstick_images/swatches/L0085.jpg,,,,3,50.10229267887457,48.454928025120466,12.866120036068878,50.13399141004173,30.442871957542856
DIOR,Dior Addict Shine Lipstick,628 Pink Bow,shine,pink,Sephora pink lipstick listings,L0086,lipstick_images/swatches/L0086.jpg,https://media.ulta.com/i/ulta/2604223_sm?w=800&h=800&fmt=auto,https://www.ulta.com/p/addict-shine-lipstick-pimprod2036809?sku=2604223,Ulta Beauty,3,48.96568416371295,41.206975742783584,19.856226974794595,45.741497565568565,6.54234375
Givenchy,Rose Perfecto Hydrating Tinted Lip Balm & Gloss,210 Pink Nude,tinted balm/gloss,pink,Sephora pink lipstick listings,L0087,lipstick_images/swatches/L0087.jpg,,,,3,48.81446111355629,34.48666282863127,15.218000383803712,37.69505867799051,19.15784832451499
Givenchy,Rose Perfecto Hydrating Tinted Lip Balm & Gloss,220 Luminous Pink,tinted balm/gloss,pink,Sephora pink lipstick listings,L0088,lipstick_images/swatches/L0088.jpg,,,,0,55.13859832867264,41.160919540227326,17.97840883479853,44.91597134236584,17.669005102040817
ILIA,Lip Sketch Hydrating Lipstick + Lip Liner Crayon,Pink Door,hydrating,pink,Sephora pink lipstick listings,L0089,lipstick_images/swatches/L0089.jpg,https://credobeauty.com/cdn/shop/files/Ilia_LipSketchHydratingCrayon_Swatch_02_PinkDoor.png?v=1756858725,https://credobeauty.com/products/lip-sketch-hydrating-crayon?srsltid=AfmBOopThWuuNRoI1FYEnf4RKnnO9-bnbtoQ1SVoIvjPcoWav3_F2DtE,Credo Beauty,1,46.652992991583986,42.647767170424146,14.505567016563248,45.047125536428126,8.943866580780956
SEPHORA COLLECTION,About That Shine Sheer Shine Lipstick,04 Pink Mirage,sheer shine,pink,Sephora pink lipstick listings,L0090,lipstick_images/swatches/L0090.jpg,https://tb-static.uber.com/prod/image-proc/processed_images/7aeb544afd93c7557962b264fa67108f/b4665c191b34baf3d0e0fa45dfdd3d1d.jpeg,https://postmates.com/store/sephora-820-w-stacy-road/HQ4dcSZGWNqdi9z_aRlscA/e2998a8c-7a08-5a69-baea-32dc74ff2be2/8e8fcbb5-945f-4cf0-bfe9-a208cac3bc39/d641b1b0-8e22-5ff1-a23d-39378649cfe1?scats=9d480d3e-7d0b-4fbc-b32e-def34363dc45,Postmates,4,49.43350178958984,36.746868010696545,20.95328995730216,42.30097715928478,12.7857
Bobbi Brown,Luxe Hydrating Lipstick,Pink Buff,hydrating,pink,Sephora pink lipstick listings,L0091,lipstick_images/swatches/L0091.jpg,https://www.temptalia.com/wp-content/uploads/2022/11/bobbi-brown_pink-buff_003_swatch.jpg,https://www.temptalia.com/product/bobbi-brown-luxe-lipstick/pink-buff/,Temptalia,1,60.08218501841864,41.459402144406624,24.78345548316921,48.302191377388446,12.31642105263158
Bobbi Brown,Luxe Cashmere Matte Lipstick,Pink Suede,matte,pink,Sephora pink lipstick listings,L0092,lipstick_images/swatches/L0092.jpg,https://media.ulta.com/i/ulta/2642604_alt01?w=800&h=800&fmt=auto,https://www.ulta.com/p/luxe-cashmere-matte-lipstick-pimprod2053550?sku=2642604,Ulta Beauty,3,41.05996666061605,25.046200427452476,15.975670862028238,29.707477431515095,26.332499999999996
Sarah Creal,Speak For Yourself Hydrating Lipstick,Pink Tax,hydrating,pink,Sephora pink lipstick listings,L0093,lipstick_images/swatches/L0093.jpg,https://m.media-amazon.com/images/I/711S+ClO3+L._AC_UL450_SY450_QL70_.jpg,https://www.amazon.com/clp/B0DPLR1DWQ,Amazon.com,3,69.46180627864429,41.68375816222459,-13.915270238379932,43.94508437054101,30.455825097334532
Givenchy,Rose Perfecto Shine Serum Lip Oil Stick,N118 - Mellow Pink,shine,pink,Sephora pink lipstick listings,L0094,lipstick_images/swatches/L0094.jpg,,,,1,57.67426182585875,30.675660135345993,8.973727276748491,31.961287614498815,23.335970827026284
Laura Mercier,Caviar Smoothing Matte Lipstick,620 Pink Tulle,matte,pink,Sephora pink lipstick listings,L0095,lipstick_images/swatches/L0095.jpg,https://frendsbeauty.com/cdn/shop/files/LM-Caviar-Smoothing-Matte-Lipstick-Pink-Tulle_700x700.jpg?v=1723841737,https://frendsbeauty.com/products/laura-mercier-caviar-smoothing-matte-lipstick?srsltid=AfmBOorljM9nO3w2Q0_Bx6_TLtmpn9pPUk_xxWxOGUI9izqKM1mxFw9n,Frends Beauty,4,41.54783587603146,41.236017910381975,16.13913797403916,44.28183541420134,17.18326530612245
MAC Cosmetics,M·A·Cximal Sleek Satin 8HR Full-Coverage Hydrating Lipstick,Pink Peppermint,satin,pink,Sephora pink lipstick listings,L0096,lipstick_images/swatches/L0096.jpg,https://www.sephora.com/productimages/sku/s2826154-av-1202512180615418000800-zoom.jpg?imwidth=315,https://www.sephora.com/product/mac-cosmetics-macximal-sleek-satin-lipstick-P513655,Sephora,1,61.87709734650721,31.97509314019169,5.023343667769154,32.36727611227812,31.312653061224488
Charlotte Tilbury,Matte Revolution Hydrating Lipstick,Gracefully Pink,matte,pink,Sephora pink lipstick listings,L0097,lipstick_images/swatches/L0097.jpg,https://www.temptalia.com/wp-content/uploads/2015/09/charlottetilbury_amazinggrace003.jpg,https://www.temptalia.com/product/charlotte-tilbury-matte-revolution-lipstick/gracefully-pink/,Temptalia,1,53.25634024908637,54.329415543643734,23.97408418624292,59.38385391571501,14.46021052631579
TOM FORD,"Runway Lipstick Color with Hydrating, 12H Longwear",Spanish Pink,,pink,Sephora pink lipstick listings,L0098,lipstick_images/swatches/L0098.jpg,https://www.temptalia.com/wp-content/uploads/2017/08/tom-ford-beauty_spanish-pink_003_swatch.jpg,https://www.temptalia.com/product/tom-ford-beauty-lip-color/spanish-pink/,Temptalia,2,61.763249167936394,41.15285780219236,21.44981910759691,46.40746109232969,14.100631578947368
Laura Mercier,Caviar Smoothing Matte Lipstick,168 Pink Chiffon,matte,pink,Sephora pink lipstick listings,L0099,lipstick_images/swatches/L0099.jpg,,,,1,53.213064709500195,18.779926643222524,5.337507496919329,19.5236940921663,53.571267114440715
Givenchy,Le Rouge Velvet Matte Long-Lasting Lipstick,P227 Pink Silhouette,velvet matte,pink,Sephora pink lipstick listings,L0100,lipstick_images/swatches/L0100.jpg,https://www.cityperfume.com.au/assets/alt_2/P000361.webp?20251022122549,https://www.cityperfume.com.au/givenchy-le-rouge-velvet-matte-lipstick-p227-pink?srsltid=AfmBOoq2TylBVPnhU2YAB7sFGJpgp4NI0_BLzw9n68FpZJEmZgwrBbDX,City Perfume,4,51.61993661903116,35.995541229536286,16.359215133538243,39.5386255222995,22.9016015625
PAT McGRATH LABS,MatteTrance™ Lipstick - Divine Rose Collection,Divine Rose,matte,pink,Sephora pink lipstick listings,L0101,lipstick_images/swatches/L0101.jpg,https://www.temptalia.com/wp-content/uploads/2021/02/pat-mcgrath_divine-rose_018_product.jpg,https://www.temptalia.com/product/pat-mcgrath-mattetrance-lipstick/divine-rose/,Temptalia,0,44.62386421759336,34.97202555170148,16.812395133438258,38.803340079324606,22.99428670360111
SEPHORA COLLECTION,Cream Lip Stain 10HR Liquid Lipstick,86 English Rose,liquid,pink,Sephora pink lipstick listings,L0102,lipstick_images/swatches/L0102.jpg,https://www.temptalia.com/wp-content/uploads/2018/04/sephora_english-rose-86_003_swatch.jpg,https://www.temptalia.com/product/sephora-cream-lip-stain/english-rose-86/,Temptalia,1,52.86275968597679,54.838944218051154,19.42040208992077,58.17612758069004,12.493263157894736
Gucci,Long Lasting Satin Lipstick,223 Isabel Rosewood,satin,pink,Sephora pink lipstick listings,L0103,lipstick_images/swatches/L0103.jpg,,,,2,38.214759588047784,23.60939849623918,15.806605800214498,28.41218900890242,4.360413367936814
Charlotte Tilbury,K.I.S.S.I.N.G Satin Shine Lipstick,Stoned Rose,satin shine,pink,Sephora pink lipstick listings,L0104,lipstick_images/swatches/L0104.jpg,https://dy6g3i6a1660s.cloudfront.net/GtPP0pBAHHI5cR-RHxKDowR-BH4/zb_p.jpg,https://www.beautylish.com/s/charlotte-tilbury-kissing-satin-shine-lipstick-stoned-rose,Beautylish,4,52.804858653266486,36.70143779864793,27.136765344706788,45.64427203781108,21.18563327032136
Bobbi Brown,Luxe Hydrating Lipstick,Pale Mauve,hydrating,pink,Sephora pink lipstick listings,L0105,lipstick_images/swatches/L0105.jpg,https://www.temptalia.com/wp-content/uploads/2022/11/bobbi-brown_pale-mauve_001_product.jpg,https://www.temptalia.com/product/bobbi-brown-luxe-lipstick/pale-mauve/,Temptalia,4,53.51763510281919,39.87773119918708,19.707228150403125,44.481549961379045,13.628635734072022
Anastasia Beverly Hills,Lip Velvet Liquid Lipstick,Rosy Mauve,velvet liquid,pink,Sephora pink lipstick listings,L0106,lipstick_images/swatches/L0106.jpg,https://is4.revolveassets.com/images/p4/n/z/ABEV-WU384_V4.jpg,https://www.revolve.com/mobile/lip-velvet-in-rosy-mauve/dp/ABEV-WU384/?d=Womens&sectionURL=?%2Fr%2Fmobile%2FsidebarNav.jsp%3FrefURL%3D%252Fmobile%252Fproducts%252Fbr%252F0639be%252F%253FprettyPath%253D%25252Fr%25252FEditorials.jsp%2526listname%253DMatching%252BSets%2526cplid%253D1395%2526navsrc%253Dleft%2526n%253DClothin%2526tops-bodysuits%252Fbr%252Fcf9983%253D%2526tops-bustier%252Fbr%252Fccdcc7%253D&srcType=dp_recs_oos,Revolve,3,46.03432030485168,30.512962103766455,19.187907007573383,36.04464775354549,17.18232714046286
Gucci,Long Lasting Satin Lipstick,219 - Mary Mauve,satin,pink,Sephora pink lipstick listings,L0107,lipstick_images/swatches/L0107.jpg,,,,2,49.75936215303584,22.422081139675072,10.04152988541233,24.56790681099636,14.177204074464347
Anastasia Beverly Hills,Full-Pigment Matte & Satin Velvet Lipstick,Mauve Cloud,matte/satin,pink,Sephora pink lipstick listings,L0108,lipstick_images/swatches/L0108.jpg,https://media.ulta.com/i/ulta/2645545_sm?w=800&h=800&fmt=auto,https://www.ulta.com/p/full-pigment-matte-satin-velvet-lipstick-pimprod2030578?sku=2645545,Ulta Beauty,4,46.90852781193038,25.304046649780048,10.060776603707438,27.23075472189399,31.524375
PAT McGRATH LABS,MatteTrance™ Lipstick,Flesh 5,matte,nude,Sephora nude lipstick listings,L0109,lipstick_images/swatches/L0109.jpg,https://www.temptalia.com/wp-content/uploads/2018/08/pat-mcgrath_flesh-5_001_product.jpg,https://www.temptalia.com/product/pat-mcgrath-mattetrance-lipstick/flesh-5/,Temptalia,3,42.47449000677139,41.83333504694025,20.500961330851,46.58666479410827,16.81873268698061
MAKEUP BY MARIO,Ultra Suede® Lipstick,Erin,suede,nude,Sephora nude lipstick listings,L0110,lipstick_images/swatches/L0110.jpg,https://www.temptalia.com/wp-content/uploads/2021/10/makeup-by-mario_erin_001_product.jpg,https://www.temptalia.com/product/makeup-by-mario-ultra-suede-lipstick/erin/,Temptalia,0,47.778629299773705,26.246150334482564,13.159227784315334,29.360273896197832,19.46069944598338
NATASHA DENONA,My Dream Lipstick - Creamy Lip Color,11NB Natasha,creamy,nude,Sephora nude lipstick listings,L0111,lipstick_images/swatches/L0111.jpg,https://www.temptalia.com/wp-content/uploads/2019/10/natasha-denona_natasha-11NB_003_swatch.jpg,https://www.temptalia.com/product/natasha-denona-i-need-a-nude-lipstick/natasha-11nb/,Temptalia,4,65.54526627838455,27.55564451561051,23.205831331731417,36.02532654213509,12.627368421052632
Charlotte Tilbury,K.I.S.S.I.N.G Satin Shine Lipstick,Nude Kate,satin shine,nude,Sephora nude lipstick listings,L0112,lipstick_images/swatches/L0112.jpg,https://media.ulta.com/i/ulta/2619411_alt02?w=800&h=800&fmt=auto,https://www.ulta.com/p/kissing-satin-shine-lipstick-pimprod2043358?sku=2619411,Ulta Beauty,4,46.046725361808896,30.39727133750884,27.8432317055572,41.2218347065664,10.83046875
MAC Cosmetics,M·A·Cximal Sleek Satin 8HR Full-Coverage Hydrating Lipstick,Fleshpot,satin,nude,Sephora nude lipstick listings,L0113,lipstick_images/swatches/L0113.jpg,,,,0,70.99333006032576,18.8614172271306,20.010396240180455,27.498527551578597,45.44282915764512
Yves Saint Laurent,Rouge Pur Couture Caring Satin Lipstick with Ceramides,N8 Blouse Nu,satin,nude,Sephora nude lipstick listings,L0114,lipstick_images/swatches/L0114.jpg,,,,1,47.97236707441899,41.75248550124289,22.383181441590807,47.37379926688035,33.57351712614871
VIOLETTE_FR,BISOU JELLY Sheer Shine Hydrating Lipstick,Bonbon Caramel,sheer shine,nude,Sephora nude lipstick listings,L0115,lipstick_images/swatches/L0115.jpg,https://www.violettefr.com/cdn/shop/files/VFR_PDP_1500x1872_BisouJelly_Grid_Caramel.jpg?v=1740425527&width=1946,https://www.violettefr.com/products/bisou-jelly-bonbon-caramel?srsltid=AfmBOopACexRNFG0huBwxu9AUVeum-rXXXI0L0Y7aY4Ufd5tg4gUfyYY,violette_fr,3,50.55643532056615,31.51854513471392,27.540525316040572,41.855695216929206,19.00954415954416
MERIT,Signature Lip Lightweight Lipstick,1990,,nude,Sephora nude lipstick listings,L0116,lipstick_images/swatches/L0116.jpg,,,,1,38.77677986943334,22.111631182173795,18.284110678485945,28.69203612223441,7.277083333333334
DIOR,Rouge Dior Refillable Lipstick,300 Nude Style,,nude,Sephora nude lipstick listings,L0117,lipstick_images/swatches/L0117.jpg,https://www.temptalia.com/wp-content/uploads/2022/07/dior_forever-nude-style-300_004_swatch.jpg,https://www.temptalia.com/product/dior-rouge-dior-forever-transfer-proof-lipstick/forever-nude-style-300/,Temptalia,1,45.19134033379921,40.099238636737624,21.771721726627163,45.62846486775246,6.427789473684211
Yves Saint Laurent,Rouge Pur Couture Caring Satin Lipstick with Ceramides,N3 Nude Decollete,satin,nude,Sephora nude lipstick listings,L0118,lipstick_images/swatches/L0118.jpg,https://cdn11.bigcommerce.com/s-k0hh7/images/stencil/1280x1280/products/8367/35616/n3b__85807.1704565859.jpg?c=2,https://www.bonboncosmetics.com/ysl-rouge-pur-couture-n3-nude-decollete/?srsltid=AfmBOorVHBIBbMCbp6ZjjqKQhNv48FL9xK4vXFXU9AxnO5SbMDVcV1hi,www.bonboncosmetics.com,0,53.284601732196975,26.85981652457008,20.498608472854443,33.78820346003835,24.165333333333333
PAT McGRATH LABS,MatteTrance™ Lipstick,Nude Venus,matte,nude,Sephora nude lipstick listings,L0119,lipstick_images/swatches/L0119.jpg,https://media.ulta.com/i/ulta/2613810_alt02?w=800&h=800&fmt=auto,https://www.ulta.com/p/mattetrance-lipstick-pimprod2040430?sku=2613810,Ulta Beauty,3,35.0025684023136,27.0404678632745,24.058862346573363,36.19413985269088,9.47625
Charlotte Tilbury,Matte Revolution Hydrating Lipstick,Catwalking,matte,nude,Sephora nude lipstick listings,L0120,lipstick_images/swatches/L0120.jpg,https://images.ctfassets.net/wlke2cbybljx/5xlCr1J9ejnoKVAvgUsvXP/c4c16c6282c971c79523bb4025834883/Catwalking-Matte-Rev-Swatch.png?w=660&h=660&fit=fill&q=80&bg=rgb%3AF5F5F5&fm=jpg,https://www.charlottetilbury.com/us/product/matte-revolution-lipstick-catwalking?srsltid=AfmBOoqoQX7N-FzQ_EXnJFG_MprrjrHqacU9kE1JDsE5yEDQmMKtMwc2,Charlotte Tilbury,2,51.60181668820652,29.80666208791655,27.044402472524386,40.24719629886192,13.369834710743802
DIOR,Dior Addict Shine Lipstick,100 Nude Look,shine,nude,Sephora nude lipstick listings,L0121,lipstick_images/swatches/L0121.jpg,https://media.ulta.com/i/ulta/2618570_alt01?w=800&h=800&fmt=auto,https://www.ulta.com/p/rouge-dior-lipstick-pimprod2043044?sku=2618570,Ulta Beauty,2,53.98447305330644,28.212084617532213,20.270911544336855,34.73948147720583,29.7678125
MAKEUP BY MARIO,Ultra Suede® Lipstick,Cam,suede,nude,Sephora nude lipstick listings,L0122,lipstick_images/swatches/L0122.jpg,https://www.temptalia.com/wp-content/uploads/2021/10/makeup-by-mario_cam_001_product.jpg,https://www.temptalia.com/product/makeup-by-mario-ultra-suede-lipstick/cam/,Temptalia,4,47.849506211675674,37.99541163267162,24.034346735329365,44.95888263880893,20.973684210526315
Charlotte Tilbury,Hyaluronic Happikiss Lipstick Balm,Crystal Happikiss,balm,nude,Sephora nude lipstick listings,L0123,lipstick_images/swatches/L0123.jpg,https://images.ctfassets.net/wlke2cbybljx/2G1SGmGdqsaw2HjPN16epI/3b1fc97598e74c134ea1aac9c2141f46/Crystal-Swatch-Happikiss-Packshot.png?w=660&h=660&fit=fill&q=80&bg=rgb%3AF5F5F5&fm=jpg,https://www.charlottetilbury.com/us/product/hyaluronic-happikiss-lipstick-crystal?srsltid=AfmBOopa5087s26YQ7VX60YBdH5MS_iHKWpNTVtoEWln95jKPv0AxMeh,Charlotte Tilbury,4,51.40249478956033,54.87329455314779,23.6751983077738,59.76281009146854,2.162993572084481
Givenchy,Le Rouge Sheer Velvet Matte Lipstick,16 Nude Boise,sheer velvet matte,nude,Sephora nude lipstick listings,L0124,lipstick_images/swatches/L0124.jpg,,,,3,63.962996120561016,27.88182632050132,16.337511190689355,32.31579352069975,22.375801282051285
Charlotte Tilbury,Matte Revolution Hydrating Lipstick,Super Fabulous,matte,nude,Sephora nude lipstick listings,L0125,lipstick_images/swatches/L0125.jpg,https://www.temptalia.com/wp-content/uploads/2021/08/charlotte-tilbury_super-fabulous_001_product.jpg,https://www.temptalia.com/product/charlotte-tilbury-matte-revolution-lipstick/super-fabulous/,Temptalia,0,36.19741340679542,28.088626072129045,15.68545096159309,32.171482503739696,16.257271468144044
Charlotte Tilbury,K.I.S.S.I.N.G Satin Shine Lipstick,Nude Romance,satin shine,nude,Sephora nude lipstick listings,L0126,lipstick_images/swatches/L0126.jpg,https://media.ulta.com/i/ulta/2619412_sm?w=800&h=800&fmt=auto,https://www.ulta.com/p/kissing-satin-shine-lipstick-pimprod2043358?sku=2619412,Ulta Beauty,1,48.427529716035735,37.084777199032885,22.935346759607796,43.604023104357715,20.21796875
Valentino,Liquirosso 2 in 1 Soft Matte Liquid Lipstick & Blush,110A - Into The Nude,soft matte,nude,Sephora nude lipstick listings,L0127,lipstick_images/swatches/L0127.jpg,,,,4,47.14758101873491,28.716644540053977,18.924025723345892,34.39134227124131,33.62716019171702
TOM FORD,"Runway Lipstick Color with Hydrating, 12H Longwear",Spanish Pink,,nude,Sephora nude lipstick listings,L0128,lipstick_images/swatches/L0128.jpg,https://www.temptalia.com/wp-content/uploads/2017/08/tom-ford-beauty_spanish-pink_003_swatch.jpg,https://www.temptalia.com/product/tom-ford-beauty-lip-color/spanish-pink/,Temptalia,2,61.763249167936394,41.15285780219236,21.44981910759691,46.40746109232969,14.100631578947368
Bobbi Brown,Luxe Cashmere Matte Lipstick,Sandwash Pink,matte,nude,Sephora nude lipstick listings,L0129,lipstick_images/swatches/L0129.jpg,https://editorialist.com/thumbnails/600/2025/8/037/656/244/37656244~sandwash%20pink_1780219339168_1.webp,https://editorialist.com/p/bobbi-brown-luxe-cashmere-matte-lipstick-37656244/,Editorialist,4,39.36663412518307,25.560527172142255,14.903742271396055,29.588208513021204,16.085006518904823
Givenchy,Rose Perfecto Hydrating Tinted Lip Balm & Gloss,210 Pink Nude,tinted balm/gloss,nude,Sephora nude lipstick listings,L0130,lipstick_images/swatches/L0130.jpg,,,,4,44.90591611597826,38.11662438131478,17.27338518487784,41.847901858652335,8.366356319159731
Bobbi Brown,Luxe Hydrating Lipstick,Pink Nude,hydrating,nude,Sephora nude lipstick listings,L0131,lipstick_images/swatches/L0131.jpg,https://www.temptalia.com/wp-content/uploads/2022/11/bobbi-brown_pink-nude_003_swatch.jpg,https://www.temptalia.com/product/bobbi-brown-luxe-lipstick/pink-nude/,Temptalia,4,62.63311363494144,40.46639037489663,23.19816886219843,46.6442256719157,9.944842105263158
Charlotte Tilbury,K.I.S.S.I.N.G Satin Shine Lipstick,Penelope Pink,satin shine,nude,Sephora nude lipstick listings,L0132,lipstick_images/swatches/L0132.jpg,,,,1,62.7952503583159,16.923220340962075,13.88504608643811,21.890406381135612,26.35316875460575
Anastasia Beverly Hills,Full-Pigment Matte & Satin Velvet Lipstick,Taupe Beige,matte/satin,nude,Sephora nude lipstick listings,L0133,lipstick_images/swatches/L0133.jpg,https://media.ulta.com/i/ulta/2590069_alt02?w=800&h=800&fmt=auto,https://www.ulta.com/p/full-pigment-matte-satin-velvet-lipstick-pimprod2030578?sku=2590069,Ulta Beauty,0,49.73245516197698,30.83208882286462,17.139196215646876,35.275625410465196,39.95234375
Anastasia Beverly Hills,Lip Velvet Liquid Lipstick,Peachy Nude,velvet liquid,nude,Sephora nude lipstick listings,L0134,lipstick_images/swatches/L0134.jpg,https://dy6g3i6a1660s.cloudfront.net/0w9QzRzrQo5YRr7dPGfZrA-gD6A/zb_p.jpg,https://www.beautylish.com/s/anastasia-beverly-hills-lip-velvet-peachy-nude,Beautylish,4,52.31375514924485,25.210775012464808,20.432516456339528,32.451053996252654,22.598563327032135
DIOR,Rouge Dior Forever Liquid Transfer-Proof Lipstick,300 - Forever Nude Style,liquid,nude,Sephora nude lipstick listings,L0135,lipstick_images/swatches/L0135.jpg,https://www.temptalia.com/wp-content/uploads/2022/07/dior_forever-nude-style-300_004_swatch.jpg,https://www.temptalia.com/product/dior-rouge-dior-forever-transfer-proof-lipstick/forever-nude-style-300/,Temptalia,1,45.19134033379921,40.099238636737624,21.771721726627163,45.62846486775246,6.427789473684211
DIOR,Rouge Dior Refillable Lipstick,400 Nude Line,,nude,Sephora nude lipstick listings,L0136,lipstick_images/swatches/L0136.jpg,https://media.ulta.com/i/ulta/2605058_alt01?w=800&h=800&fmt=auto,https://www.ulta.com/p/rouge-dior-forever-liquid-lipstick-pimprod2036844?sku=2605058,Ulta Beauty,0,56.58995190206767,22.660747346235524,26.269860793467245,34.693155757268144,24.419375
Givenchy,Rose Perfecto Hydrating Tinted Lip Balm & Gloss,110 Milky Nude,tinted balm/gloss,nude,Sephora nude lipstick listings,L0137,lipstick_images/swatches/L0137.jpg,,,,2,52.36619779681628,25.957976010712997,18.891364426336168,32.10451943981394,11.590440710209258
Valentino,Spike Valentino Buttery Matte Lipstick,100R - Stand Out In Nude,buttery matte,nude,Sephora nude lipstick listings,L0138,lipstick_images/swatches/L0138.jpg,,,,4,44.537754592971574,28.64444216967496,12.03295003469023,31.06921231298284,49.30960606604451
